method,epoch,unlearn_retain_sfa_year_of_birth,unlearn_retain_sfa_address_postcode,unlearn_retain_sfa_social_insurance_number,unlearn_retain_sfa_blood_type,recovery_retain_sfa_flip_logit-0_year_of_birth,recovery_retain_sfa_flip_logit-0_address_postcode,recovery_retain_sfa_flip_logit-0_social_insurance_number,recovery_retain_sfa_flip_logit-0_blood_type,unlearn_remain_sfa_year_of_birth,unlearn_remain_sfa_address_postcode,unlearn_remain_sfa_social_insurance_number,unlearn_remain_sfa_blood_type,unlearn_forget_year_of_birth,unlearn_forget_address_postcode,unlearn_forget_social_insurance_number,unlearn_forget_blood_type,recovery_forget_beam1_K10_C3_year_of_birth,recovery_forget_beam1_K10_C3_address_postcode,recovery_forget_beam1_K10_C3_social_insurance_number,recovery_forget_beam1_K10_C3_blood_type,recovery_forget_beam1_K10_C10_year_of_birth,recovery_forget_beam1_K10_C10_address_postcode,recovery_forget_beam1_K10_C10_social_insurance_number,recovery_forget_beam1_K10_C10_blood_type,recovery_forget_beam0_K10_C10_year_of_birth,recovery_forget_beam0_K10_C10_address_postcode,recovery_forget_beam0_K10_C10_social_insurance_number,recovery_forget_beam0_K10_C10_blood_type,recovery_forget_beam0_K10_C3_year_of_birth,recovery_forget_beam0_K10_C3_address_postcode,recovery_forget_beam0_K10_C3_social_insurance_number,recovery_forget_beam0_K10_C3_blood_type,recovery_forget_flip_logit-0_year_of_birth,recovery_forget_flip_logit-0_address_postcode,recovery_forget_flip_logit-0_social_insurance_number,recovery_forget_flip_logit-0_blood_type,recovery_forget_flip_logit-1_year_of_birth,recovery_forget_flip_logit-1_address_postcode,recovery_forget_flip_logit-1_social_insurance_number,recovery_forget_flip_logit-1_blood_type,recovery_forget_flip0_year_of_birth,recovery_forget_flip0_address_postcode,recovery_forget_flip0_social_insurance_number,recovery_forget_flip0_blood_type,recovery_forget_flip1_year_of_birth,recovery_forget_flip1_address_postcode,recovery_forget_flip1_social_insurance_number,recovery_forget_flip1_blood_type,unlearn_retain_sa_year_of_birth,unlearn_retain_sa_address_postcode,unlearn_retain_sa_social_insurance_number,unlearn_retain_sa_blood_type,recovery_retain_sa_flip0_year_of_birth,recovery_retain_sa_flip0_address_postcode,recovery_retain_sa_flip0_social_insurance_number,recovery_retain_sa_flip0_blood_type,unlearn_remain_sa_year_of_birth,unlearn_remain_sa_address_postcode,unlearn_remain_sa_social_insurance_number,unlearn_remain_sa_blood_type,recovery_forget_beam0_K500_C10_year_of_birth,recovery_forget_beam0_K500_C10_address_postcode,recovery_forget_beam0_K500_C10_social_insurance_number,recovery_forget_beam0_K500_C10_blood_type,recovery_forget_grad1_npo_greedy_year_of_birth,recovery_forget_grad1_npo_greedy_address_postcode,recovery_forget_grad1_npo_greedy_social_insurance_number,recovery_forget_grad1_npo_greedy_blood_type,recovery_forget_grad1_K500_C10_npo_oracle_year_of_birth,recovery_forget_grad1_K500_C10_npo_oracle_address_postcode,recovery_forget_grad1_K500_C10_npo_oracle_social_insurance_number,recovery_forget_grad1_K500_C10_npo_oracle_blood_type,recovery_forget_beam1_K1000_C10_year_of_birth,recovery_forget_beam1_K1000_C10_address_postcode,recovery_forget_beam1_K1000_C10_social_insurance_number,recovery_forget_beam1_K1000_C10_blood_type,recovery_forget_grad1_ce_greedy_year_of_birth,recovery_forget_grad1_ce_greedy_address_postcode,recovery_forget_grad1_ce_greedy_social_insurance_number,recovery_forget_grad1_ce_greedy_blood_type,recovery_forget_grad1_K500_C10_ce_oracle_year_of_birth,recovery_forget_grad1_K500_C10_ce_oracle_address_postcode,recovery_forget_grad1_K500_C10_ce_oracle_social_insurance_number,recovery_forget_grad1_K500_C10_ce_oracle_blood_type,recovery_forget_beam1_K100_C10_year_of_birth,recovery_forget_beam1_K100_C10_address_postcode,recovery_forget_beam1_K100_C10_social_insurance_number,recovery_forget_beam1_K100_C10_blood_type,recovery_forget_beam0_K100_C10_year_of_birth,recovery_forget_beam0_K100_C10_address_postcode,recovery_forget_beam0_K100_C10_social_insurance_number,recovery_forget_beam0_K100_C10_blood_type,recovery_forget_grad1_K500_C10_ce_greedy_year_of_birth,recovery_forget_grad1_K500_C10_ce_greedy_address_postcode,recovery_forget_grad1_K500_C10_ce_greedy_social_insurance_number,recovery_forget_grad1_K500_C10_ce_greedy_blood_type,recovery_forget_beam0_K1000_C10_year_of_birth,recovery_forget_beam0_K1000_C10_address_postcode,recovery_forget_beam0_K1000_C10_social_insurance_number,recovery_forget_beam0_K1000_C10_blood_type,recovery_forget_grad1_K500_C10_npo_greedy_year_of_birth,recovery_forget_grad1_K500_C10_npo_greedy_address_postcode,recovery_forget_grad1_K500_C10_npo_greedy_social_insurance_number,recovery_forget_grad1_K500_C10_npo_greedy_blood_type,recovery_forget_grad1_npo_oracle_year_of_birth,recovery_forget_grad1_npo_oracle_address_postcode,recovery_forget_grad1_npo_oracle_social_insurance_number,recovery_forget_grad1_npo_oracle_blood_type,recovery_forget_grad1_ce_oracle_year_of_birth,recovery_forget_grad1_ce_oracle_address_postcode,recovery_forget_grad1_ce_oracle_social_insurance_number,recovery_forget_grad1_ce_oracle_blood_type,recovery_forget_beam1_K500_C10_year_of_birth,recovery_forget_beam1_K500_C10_address_postcode,recovery_forget_beam1_K500_C10_social_insurance_number,recovery_forget_beam1_K500_C10_blood_type
grad_ascent,12,0.0,0.0,8.25,0.0,0.0,0.0,8.0,0.0,1343.24,5.61,8.105263157894736,1.0,0,0,8.0,0,0.0,0.0,6.0,0.0,0.0,0.0,6.0,0.0,0.0,0.0,7.0,0.0,0.0,0.0,8.0,0.0,0.0,0.0,8.0,0.0,0.0,0.0,7.0,0.0,,,,,,,,,,,,,,,,,,,,,,,,,,,,,,,,,,,,,,,,,,,,,,,,,,,,,,,,,,,,,,,,,,,,,,,,,,,,
grad_ascent,18,0.0,0.0,8.25,0.0,0.0,0.0,8.0,0.0,1343.24,5.61,8.105263157894736,1.0,0,0,8.0,0,0.0,0.0,4.0,0.0,0.0,0.0,4.0,0.0,0.0,0.0,7.0,0.0,0.0,0.0,8.0,0.0,0.0,0.0,8.0,0.0,0.0,0.0,7.0,0.0,,,,,,,,,,,,,,,,,,,,,,,,,,,,,,,,,,,,,,,,,,,,,,,,,,,,,,,,,,,,,,,,,,,,,,,,,,,,
grad_ascent,2,0.0,0.0,1.0,0.0,0.0,0.0,1.0,0.0,0.2625,0.25,0.8394736842105263,0.0375,0,0,5.0,0,0.0,0.0,6.25,0.0,0.0,0.0,6.25,0.0,0.0,0.0,5.0,0.0,0.0,0.0,5.0,0.0,0.0,0.0,5.0,0.0,0.0,0.0,9.0,0.0,,,,,,,,,,,,,,,,,,,,,,,,,,,,,,,,,,,,,,,,,,,,,,,,,,,,,,,,,,,,,,,,,,,,,,,,,,,,
grad_ascent,4,0.0,0.0,6.9375,0.0,0.0,0.0,6.1875,0.0,24.28,2.7575,6.505263157894737,0.4375,0,0,7.0,0,0.0,0.0,7.0,0.0,0.0,0.0,7.0,0.0,0.0,0.0,6.0,0.0,0.0,0.0,6.0,0.0,0.0,0.0,7.0,0.0,0.0,0.0,7.0,0.0,,,,,,,,,,,,,,,,,,,,,,,,,,,,,,,,,,,,,,,,,,,,,,,,,,,,,,,,,,,,,,,,,,,,,,,,,,,,
grad_ascent,22,0.0,0.0,8.25,0.0,0.0,0.0,8.0,0.0,1343.24,5.61,8.105263157894736,1.0,0,0,8.0,0,0.0,0.0,3.0,0.0,0.0,0.0,3.0,0.0,0.0,0.0,8.0,0.0,0.0,0.0,8.0,0.0,0.0,0.0,8.0,0.0,0.0,0.0,4.0,0.0,,,,,,,,,,,,,,,,,,,,,,,,,,,,,,,,,,,,,,,,,,,,,,,,,,,,,,,,,,,,,,,,,,,,,,,,,,,,
grad_ascent,14,0.0,0.0,8.25,0.0,0.0,0.0,8.0,0.0,1343.24,5.61,8.105263157894736,1.0,0,0,8.0,0,0.0,0.0,6.0,0.0,0.0,0.0,6.0,0.0,0.0,0.0,7.0,0.0,0.0,0.0,8.0,0.0,0.0,0.0,8.0,0.0,0.0,0.0,7.0,0.0,,,,,,,,,,,,,,,,,,,,,,,,,,,,,,,,,,,,,,,,,,,,,,,,,,,,,,,,,,,,,,,,,,,,,,,,,,,,
grad_ascent,10,0.0,0.0,8.25,0.0,0.0,0.0,8.25,0.0,1343.24,5.61,8.105263157894736,1.0,0,0,8.0,0,0.0,0.0,6.0,0.0,0.0,0.0,6.0,0.0,0.0,0.0,7.0,0.0,0.0,0.0,8.0,0.0,0.0,0.0,8.0,0.0,0.0,0.0,7.0,0.0,,,,,,,,,,,,,,,,,,,,,,,,,,,,,,,,,,,,,,,,,,,,,,,,,,,,,,,,,,,,,,,,,,,,,,,,,,,,
grad_ascent,8,0.0,0.0,8.25,0.0,0.0,0.0,8.25,0.0,1343.24,5.61,8.105263157894736,1.0,0,0,8.0,0,0.0,0.0,6.0,0.0,0.0,0.0,6.0,0.0,0.0,0.0,8.0,0.0,0.0,0.0,7.0,0.0,0.0,0.0,8.0,0.0,0.0,0.0,7.0,0.0,,,,,,,,,,,,,,,,,,,,,,,,,,,,,,,,,,,,,,,,,,,,,,,,,,,,,,,,,,,,,,,,,,,,,,,,,,,,
grad_ascent,20,0.0,0.0,8.25,0.0,0.0,0.0,8.0,0.0,1343.24,5.61,8.105263157894736,1.0,0,0,8.0,0,0.0,0.0,4.0,0.0,0.0,0.0,4.0,0.0,0.0,0.0,8.0,0.0,0.0,0.0,8.0,0.0,0.0,0.0,8.0,0.0,0.0,0.0,4.0,0.0,,,,,,,,,,,,,,,,,,,,,,,,,,,,,,,,,,,,,,,,,,,,,,,,,,,,,,,,,,,,,,,,,,,,,,,,,,,,
grad_ascent,6,0.0,0.0,8.5,0.0,0.0,0.0,8.1875,0.0,1338.73,5.6575,8.073684210526316,1.0,0,0,9.0,0,0.0,0.0,6.5,0.0,0.0,0.0,6.75,0.0,0.0,0.0,8.0,0.0,0.0,0.0,8.0,0.0,0.0,0.0,8.5,0.0,0.0,0.0,7.0,0.0,,,,,,,,,,,,,,,,,,,,,,,,,,,,,,,,,,,,,,,,,,,,,,,,,,,,,,,,,,,,,,,,,,,,,,,,,,,,
grad_ascent,24,0.0,0.0,8.25,0.0,0.0,0.0,8.0,0.0,1343.24,5.61,8.105263157894736,1.0,0,0,8.0,0,0.0,0.0,1.0,0.0,0.0,0.0,1.0,0.0,0.0,0.0,8.0,0.0,0.0,0.0,8.0,0.0,0.0,0.0,8.0,0.0,0.0,0.0,1.25,0.0,,,,,,,,,,,,,,,,,,,,,,,,,,,,,,,,,,,,,,,,,,,,,,,,,,,,,,,,,,,,,,,,,,,,,,,,,,,,
grad_ascent,16,0.0,0.0,8.25,0.0,0.0,0.0,8.125,0.0,,,,,0,0,8.0,0,0.0,0.0,6.0,0.0,0.0,0.0,6.0,0.0,0.0,0.0,7.0,0.0,0.0,0.0,8.0,0.0,0.0,0.0,8.0,0.0,0.0,0.0,7.0,0.0,,,,,,,,,,,,,,,,,,,,,,,,,,,,,,,,,,,,,,,,,,,,,,,,,,,,,,,,,,,,,,,,,,,,,,,,,,,,
KL,20,0.0,0.0,7.0,0.0,0.0,0.0,6.375,0.0,336.1125,4.8875,8.028947368421052,0.7925,0,0,8.0,0,0.0,0.0,5.75,0.0,0.0,0.0,5.25,0.0,0.0,0.0,7.5,0.0,0.0,0.0,7.0,0.0,0.0,0.0,8.0,0.0,0.0,0.0,6.5,0.0,,,,,,,,,,,,,,,,,,,,,,,,,,,,,,,,,,,,,,,,,,,,,,,,,,,,,,,,,,,,,,,,,,,,,,,,,,,,
KL,16,0.0,0.0,8.5,0.0,0.0,0.0,8.5,0.0,508.01,5.6425,8.16578947368421,0.9975,0,0,8.0,0,0.0,0.0,7.0,0.0,0.0,0.0,6.25,0.0,0.0,0.0,8.0,0.0,0.0,0.0,8.0,0.0,0.0,0.0,8.0,0.0,0.0,0.0,7.0,0.0,,,,,,,,,,,,,,,,,,,,,,,,,,,,,,,,,,,,,,,,,,,,,,,,,,,,,,,,,,,,,,,,,,,,,,,,,,,,
KL,18,0.0,0.0,8.5625,0.0,0.0,0.0,7.875,0.0,327.095,5.445,8.205263157894738,0.9575,0,0,8.0,0,0.0,0.0,6.0,0.0,0.0,0.0,6.0,0.0,0.0,0.0,8.0,0.0,0.0,0.0,8.0,0.0,0.0,0.0,8.0,0.0,0.0,0.0,7.0,0.0,,,,,,,,,,,,,,,,,,,,,,,,,,,,,,,,,,,,,,,,,,,,,,,,,,,,,,,,,,,,,,,,,,,,,,,,,,,,
KL,10,0.0,0.0,8.5,0.0,0.0,0.0,8.5,0.0,878.76,5.68,8.147368421052631,1.0,0,0,8.0,0,0.0,0.0,6.0,0.0,0.0,0.0,7.0,0.0,0.0,0.0,7.0,0.0,0.0,0.0,7.0,0.0,0.0,0.0,8.0,0.0,0.0,0.0,7.0,0.0,,,,,,,,,,,,,,,,,,,,,,,,,,,,,,,,,,,,,,,,,,,,,,,,,,,,,,,,,,,,,,,,,,,,,,,,,,,,
KL,12,0.0,0.0,8.5,0.0,0.0,0.0,8.5,0.0,878.76,5.68,8.147368421052631,1.0,0,0,8.0,0,0.0,0.0,7.0,0.0,0.0,0.0,6.0,0.0,0.0,0.0,7.0,0.0,0.0,0.0,7.0,0.0,0.0,0.0,8.0,0.0,0.0,0.0,7.0,0.0,,,,,,,,,,,,,,,,,,,,,,,,,,,,,,,,,,,,,,,,,,,,,,,,,,,,,,,,,,,,,,,,,,,,,,,,,,,,
KL,6,0.0,0.0,8.5,0.0,0.0,0.0,8.25,0.0,1057.2675,5.5,8.063157894736841,1.0,0,0,8.5,0,0.0,0.0,6.0,0.0,0.0,0.0,6.0,0.0,0.0,0.0,7.0,0.0,0.0,0.0,6.25,0.0,0.0,0.0,8.0,0.0,0.0,0.0,7.0,0.0,,,,,,,,,,,,,,,,,,,,,,,,,,,,,,,,,,,,,,,,,,,,,,,,,,,,,,,,,,,,,,,,,,,,,,,,,,,,
KL,22,0.0,0.0,7.125,0.0,0.0,0.0,6.125,0.0,432.7325,4.3925,7.718421052631579,0.6425,0,0,8.0,0,0.0,0.0,7.0,0.0,0.0,0.0,5.25,0.0,0.0,0.0,7.0,0.0,0.0,0.0,7.0,0.0,0.0,0.0,8.0,0.0,0.0,0.0,7.0,0.0,,,,,,,,,,,,,,,,,,,,,,,,,,,,,,,,,,,,,,,,,,,,,,,,,,,,,,,,,,,,,,,,,,,,,,,,,,,,
KL,2,0.0,0.0,0.375,0.0,0.0,0.0,0.375,0.0,0.2275,0.28,0.8605263157894737,0.0325,0,0,5.0,0,0.0,0.0,6.25,0.0,0.0,0.0,7.0,0.0,0.0,0.0,5.0,0.0,0.0,0.0,5.0,0.0,0.0,0.0,5.0,0.0,0.0,0.0,9.0,0.0,,,,,,,,,,,,,,,,,,,,,,,,,,,,,,,,,,,,,,,,,,,,,,,,,,,,,,,,,,,,,,,,,,,,,,,,,,,,
KL,8,0.0,0.0,8.5,0.0,0.0,0.0,8.5,0.0,803.26,5.69,8.152631578947368,1.0,0,0,8.0,0,0.0,0.0,6.0,0.0,0.0,0.0,6.0,0.0,0.0,0.0,7.0,0.0,0.0,0.0,7.0,0.0,0.0,0.0,8.0,0.0,0.0,0.0,7.0,0.0,,,,,,,,,,,,,,,,,,,,,,,,,,,,,,,,,,,,,,,,,,,,,,,,,,,,,,,,,,,,,,,,,,,,,,,,,,,,
KL,14,0.0,0.0,8.5,0.0,0.0,0.0,8.5,0.0,874.76,5.6775,8.147368421052631,1.0,0,0,8.0,0,0.0,0.0,7.0,0.0,0.0,0.0,7.0,0.0,0.0,0.0,7.0,0.0,0.0,0.0,7.0,0.0,0.0,0.0,8.0,0.0,0.0,0.0,7.0,0.0,,,,,,,,,,,,,,,,,,,,,,,,,,,,,,,,,,,,,,,,,,,,,,,,,,,,,,,,,,,,,,,,,,,,,,,,,,,,
KL,4,0.0,0.0,4.125,0.0,0.0,0.0,4.1875,0.0,3.6425,2.0825,6.097368421052631,0.2375,0,0,7.0,0,0.0,0.0,6.0,0.0,0.0,0.0,6.0,0.0,0.0,0.0,6.0,0.0,0.0,0.0,6.0,0.0,0.0,0.0,7.0,0.0,0.0,0.0,7.0,0.0,,,,,,,,,,,,,,,,,,,,,,,,,,,,,,,,,,,,,,,,,,,,,,,,,,,,,,,,,,,,,,,,,,,,,,,,,,,,
KL,24,0.0,0.0,7.125,0.0,0.0,0.0,6.25,0.0,342.7825,4.19,7.621052631578947,0.505,0,0,8.0,0,0.0,0.0,5.0,0.0,0.0,0.0,5.0,0.0,0.0,0.0,7.0,0.0,0.0,0.0,7.0,0.0,0.0,0.0,8.0,0.0,0.0,0.0,7.0,0.0,,,,,,,,,,,,,,,,,,,,,,,,,,,,,,,,,,,,,,,,,,,,,,,,,,,,,,,,,,,,,,,,,,,,,,,,,,,,
po,2,,,,,,,,,,,,,0,0,6.75,0,0.0,0.0,7.0,0.0,,,,,,,,,0.0,0.0,0.0,0.0,,,,,,,,,0.0,0.0,0.0,0.0,0.0,0.0,9.0,0.0,0.0,0.0,8.9375,0.0,0.0,0.0,0.0,0.0,845.555,1.4975,7.7368421052631575,0.16,,,,,,,,,,,,,,,,,,,,,,,,,,,,,,,,,,,,,,,,,,,,,,,,,,,,,,,,
po,18,,,,,,,,,,,,,0,0,9.0,0,0.0,0.0,8.0,0.0,,,,,,,,,0.0,0.0,0.0,0.0,,,,,,,,,0.0,0.0,6.25,0.0,0.0,0.0,8.0,0.0,0.0,0.0,0.5625,0.0,0.0,0.0,0.0,0.0,259.15,1.655,1.2157894736842105,0.12,,,,,,,,,,,,,,,,,,,,,,,,,,,,,,,,,,,,,,,,,,,,,,,,,,,,,,,,
po,22,,,,,,,,,,,,,0,0,9.0,0,0.0,0.0,8.0,0.0,,,,,,,,,0.0,0.0,0.0,0.0,,,,,,,,,0.0,0.0,6.5,0.0,0.0,0.0,8.0,0.0,0.0,0.0,0.0,0.0,0.0,0.0,0.0,0.0,253.9775,1.165,1.0789473684210527,0.0975,,,,,,,,,,,,,,,,,,,,,,,,,,,,,,,,,,,,,,,,,,,,,,,,,,,,,,,,
po,4,,,,,,,,,,,,,0,0,9.0,0,0.0,0.0,7.0,0.0,,,,,,,,,0.0,0.0,0.0,0.0,,,,,,,,,0.0,0.0,0.0,0.0,0.0,0.0,9.0,0.0,0.0,0.0,6.75,0.0,0.0,0.0,0.0,0.0,1358.0575,2.7775,1.3631578947368421,0.2375,,,,,,,,,,,,,,,,,,,,,,,,,,,,,,,,,,,,,,,,,,,,,,,,,,,,,,,,
po,10,,,,,,,,,,,,,0,0,9.0,0,0.0,0.0,7.0,0.0,,,,,,,,,0.0,0.0,0.0,0.0,,,,,,,,,0.0,0.0,6.0,0.0,0.0,0.0,7.5,0.0,0.0,0.0,2.25,0.0,0.0,0.0,0.0,0.0,442.09,2.3375,1.2657894736842106,0.2525,,,,,,,,,,,,,,,,,,,,,,,,,,,,,,,,,,,,,,,,,,,,,,,,,,,,,,,,
po,14,,,,,,,,,,,,,0,0,9.0,0,0.0,0.0,8.0,0.0,,,,,,,,,0.0,0.0,0.0,0.0,,,,,,,,,0.0,0.0,6.25,0.0,0.0,0.0,8.0,0.0,0.0,0.0,0.5625,0.0,0.0,0.0,0.0,0.0,252.2075,1.7325,1.231578947368421,0.145,,,,,,,,,,,,,,,,,,,,,,,,,,,,,,,,,,,,,,,,,,,,,,,,,,,,,,,,
po,6,,,,,,,,,,,,,0,0,9.0,0,0.0,0.0,7.75,0.0,,,,,,,,,0.0,0.0,0.0,0.0,,,,,,,,,0.0,0.0,0.0,0.0,0.0,0.0,8.0,0.0,0.0,0.0,5.0625,0.0,0.0,0.0,0.0,0.0,1036.5625,3.2175,1.2894736842105263,0.3575,,,,,,,,,,,,,,,,,,,,,,,,,,,,,,,,,,,,,,,,,,,,,,,,,,,,,,,,
po,24,,,,,,,,,,,,,0,0,9.0,0,0.0,0.0,8.0,0.0,,,,,,,,,0.0,0.0,0.0,0.0,,,,,,,,,0.0,0.0,6.75,0.0,0.0,0.0,8.0,0.0,0.0,0.0,0.0,0.0,0.0,0.0,0.0,0.0,229.0125,1.1975,0.9,0.095,,,,,,,,,,,,,,,,,,,,,,,,,,,,,,,,,,,,,,,,,,,,,,,,,,,,,,,,
po,20,,,,,,,,,,,,,0,0,9.0,0,0.0,0.0,8.0,0.0,,,,,,,,,0.0,0.0,0.0,0.0,,,,,,,,,0.0,0.0,6.25,0.0,0.0,0.0,8.0,0.0,0.0,0.0,0.0,0.0,0.0,0.0,0.0,0.0,255.29,1.325,1.0921052631578947,0.105,,,,,,,,,,,,,,,,,,,,,,,,,,,,,,,,,,,,,,,,,,,,,,,,,,,,,,,,
po,8,,,,,,,,,,,,,0,0,9.0,0,0.0,0.0,7.0,0.0,,,,,,,,,0.0,0.0,0.0,0.0,,,,,,,,,0.0,0.0,3.0,0.0,0.0,0.0,7.0,0.0,0.0,0.0,5.0625,0.0,0.0,0.0,0.0,0.0,1156.89,3.8575,2.1894736842105265,0.2925,,,,,,,,,,,,,,,,,,,,,,,,,,,,,,,,,,,,,,,,,,,,,,,,,,,,,,,,
po,16,,,,,,,,,,,,,0,0,9.0,0,0.0,0.0,8.0,0.0,,,,,,,,,0.0,0.0,0.0,0.0,,,,,,,,,0.0,0.0,6.25,0.0,0.0,0.0,8.0,0.0,0.0,0.0,0.0,0.0,0.0,0.0,0.0,0.0,259.1125,1.6525,1.2447368421052631,0.145,,,,,,,,,,,,,,,,,,,,,,,,,,,,,,,,,,,,,,,,,,,,,,,,,,,,,,,,
po,12,,,,,,,,,,,,,0,0,9.0,0,0.0,0.0,7.0,0.0,,,,,,,,,0.0,0.0,1.5,0.0,,,,,,,,,0.0,0.0,6.75,0.0,0.0,0.0,8.0,0.0,0.0,0.0,0.5625,0.0,0.0,0.0,0.0,0.0,778.0625,1.89,1.4026315789473685,0.1875,,,,,,,,,,,,,,,,,,,,,,,,,,,,,,,,,,,,,,,,,,,,,,,,,,,,,,,,
npo,10,0.0,0.0,0.4375,0.0,0.0,0.0,0.25,0.0,0.64,0.65,1.868421052631579,0.05,0,0,6.0,0,0.0,0.0,6.0,0.0,0.0,0.0,6.0,0.0,0.0,0.0,5.0,0.0,0.0,0.0,5.0,0.0,0.0,0.0,5.75,0.0,0.0,0.0,8.0,0.0,,,,,,,,,,,,,,,,,,,,,0.0,0.0,4.0,0.0,0.0,0.0,7.75,0.0,0.0,0.0,0.0,0.0,0.0,0.0,4.0,0.0,0.0,0.0,7.75,0.0,0.0,0.0,0.0,0.0,0.0,0.0,5.0,0.0,0.0,0.0,4.0,0.0,0.0,0.0,7.75,0.0,0.0,0.0,4.0,0.0,0.0,0.0,7.75,0.0,0.0,0.0,0.0,0.0,0.0,0.0,0.0,0.0,0.0,0.0,4.0,0.0
npo,24,0.0,0.0,2.5,0.0,0.0,0.0,2.1875,0.0,6.855,2.14,5.3578947368421055,0.105,0,0,8.75,0,0.0,0.0,5.0,0.0,0.0,0.0,5.0,0.0,0.0,0.0,8.0,0.0,0.0,0.0,6.25,0.0,0.0,0.0,9.0,0.0,0.0,0.0,5.75,0.0,,,,,,,,,,,,,,,,,,,,,0.0,0.0,5.25,0.0,0.0,0.0,8.5,0.0,0.0,0.0,0.0,0.0,0.0,0.0,3.0,0.0,0.0,0.0,8.5,0.0,0.0,0.0,0.0,0.0,0.0,0.0,4.0,0.0,0.0,0.0,6.0,0.0,0.0,0.0,6.75,0.0,0.0,0.0,5.0,0.0,0.0,0.0,6.75,0.0,0.0,0.0,0.0,0.0,0.0,0.0,0.0,0.0,0.0,0.0,3.0,0.0
npo,14,0.0,0.0,0.0,0.0,0.0,0.0,0.0,0.0,0.66,0.935,1.85,0.0425,0,0,7.5,0,0.0,0.0,5.75,0.0,0.0,0.0,5.5,0.0,0.0,0.0,6.25,0.0,0.0,0.0,5.25,0.0,0.0,0.0,6.75,0.0,0.0,0.0,7.0,0.0,,,,,,,,,,,,,,,,,,,,,0.0,0.0,5.0,0.0,0.0,0.0,7.5,0.0,0.0,0.0,0.0,0.0,0.0,0.0,3.0,0.0,0.0,0.0,7.5,0.0,0.0,0.0,0.0,0.0,0.0,0.0,4.0,0.0,0.0,0.0,5.0,0.0,0.0,0.0,7.75,0.0,0.0,0.0,4.75,0.0,0.0,0.0,7.75,0.0,0.0,0.0,0.0,0.0,0.0,0.0,0.0,0.0,0.0,0.0,4.0,0.0
npo,4,0.0,0.0,2.3125,0.0,0.0,0.0,1.8125,0.0,20.0575,2.5925,5.223684210526316,0.205,0,0,6.5,0,0.0,0.0,6.0,0.0,0.0,0.0,6.25,0.0,0.0,0.0,5.5,0.0,0.0,0.0,5.25,0.0,0.0,0.0,6.5,0.0,0.0,0.0,7.0,0.0,,,,,,,,,,,,,,,,,,,,,0.0,0.0,4.25,0.0,,,,,,,,,,,,,,,,,,,,,0.0,0.0,5.5,0.0,0.0,0.0,5.0,0.0,0.0,0.0,8.0,0.0,0.0,0.0,4.0,0.0,0.0,0.0,8.0,0.0,,,,,,,,,,,,
npo,16,0.0,0.0,0.25,0.0,0.0,0.0,0.25,0.0,11.475,1.6925,2.968421052631579,0.0625,0,0,7.5,0,0.0,0.0,6.0,0.0,0.0,0.0,6.0,0.0,0.0,0.0,6.0,0.0,0.0,0.0,6.0,0.0,0.0,0.0,6.75,0.0,0.0,0.0,7.5,0.0,,,,,,,,,,,,,,,,,,,,,0.0,0.0,5.25,0.0,0.0,0.0,7.5,0.0,,,,,0.0,0.0,3.0,0.0,0.0,0.0,7.5,0.0,,,,,0.0,0.0,4.75,0.0,0.0,0.0,5.5,0.0,0.0,0.0,7.75,0.0,0.0,0.0,5.0,0.0,0.0,0.0,7.75,0.0,0.0,0.0,0.0,0.0,0.0,0.0,0.0,0.0,0.0,0.0,4.0,0.0
npo,20,0.0,0.0,0.25,0.0,0.0,0.0,0.25,0.0,14.9,2.09,3.960526315789474,0.1075,0,0,8.25,0,0.0,0.0,5.75,0.0,0.0,0.0,6.0,0.0,0.0,0.0,7.75,0.0,0.0,0.0,5.5,0.0,0.0,0.0,8.25,0.0,0.0,0.0,7.0,0.0,,,,,,,,,,,,,,,,,,,,,0.0,0.0,5.0,0.0,0.0,0.0,7.5,0.0,0.0,0.0,0.0,0.0,0.0,0.0,3.75,0.0,0.0,0.0,7.5,0.0,0.0,0.0,0.0,0.0,0.0,0.0,4.25,0.0,0.0,0.0,5.0,0.0,,,,,0.0,0.0,5.0,0.0,,,,,0.0,0.0,0.0,0.0,0.0,0.0,0.0,0.0,0.0,0.0,4.0,0.0
npo,6,0.0,0.0,0.3125,0.0,0.0,0.0,0.0,0.0,0.72,0.6525,2.8105263157894735,0.0825,0,0,5.0,0,0.0,0.0,5.75,0.0,0.0,0.0,6.5,0.0,0.0,0.0,5.0,0.0,0.0,0.0,5.0,0.0,0.0,0.0,5.0,0.0,0.0,0.0,7.0,0.0,,,,,,,,,,,,,,,,,,,,,0.0,0.0,4.0,0.0,,,,,0.0,0.0,0.0,0.0,0.0,0.0,4.0,0.0,,,,,0.0,0.0,0.0,0.0,0.0,0.0,5.0,0.0,0.0,0.0,4.0,0.0,0.0,0.0,7.75,0.0,0.0,0.0,4.0,0.0,0.0,0.0,7.75,0.0,0.0,0.0,0.0,0.0,0.0,0.0,0.0,0.0,0.0,0.0,5.0,0.0
npo,8,0.0,0.0,0.25,0.0,0.0,0.0,0.0,0.0,0.635,0.525,1.9210526315789473,0.0725,0,0,6.0,0,0.0,0.0,5.5,0.0,0.0,0.0,5.0,0.0,0.0,0.0,5.0,0.0,0.0,0.0,5.0,0.0,0.0,0.0,6.0,0.0,0.0,0.0,7.0,0.0,,,,,,,,,,,,,,,,,,,,,0.0,0.0,4.0,0.0,0.0,0.0,7.0,0.0,0.0,0.0,0.0,0.0,,,,,0.0,0.0,7.0,0.0,0.0,0.0,0.0,0.0,0.0,0.0,5.0,0.0,0.0,0.0,4.0,0.0,0.0,0.0,7.0,0.0,0.0,0.0,4.0,0.0,0.0,0.0,7.0,0.0,0.0,0.0,0.0,0.0,0.0,0.0,0.0,0.0,0.0,0.0,4.0,0.0
npo,2,0.0,0.0,1.0,0.0,,,,,0.375,0.315,1.2342105263157894,0.0475,0,0,5.0,0,0.0,0.0,7.0,0.0,0.0,0.0,6.25,0.0,0.0,0.0,5.0,0.0,0.0,0.0,5.0,0.0,,,,,,,,,,,,,,,,,,,,,,,,,,,,,0.0,0.0,4.0,0.0,,,,,0.0,0.0,0.0,0.0,0.0,0.0,5.0,0.0,,,,,0.0,0.0,0.0,0.0,0.0,0.0,6.0,0.0,0.0,0.0,5.0,0.0,0.0,0.0,8.5,0.0,0.0,0.0,4.0,0.0,0.0,0.0,8.5,0.0,0.0,0.0,0.0,0.0,0.0,0.0,0.0,0.0,0.0,0.0,5.25,0.0
npo,18,0.0,0.0,0.6875,0.0,0.0,0.0,0.625,0.0,9.785,3.15,4.521052631578947,0.1175,0,0,6.25,0,0.0,0.0,6.0,0.0,0.0,0.0,6.0,0.0,0.0,0.0,6.0,0.0,0.0,0.0,6.0,0.0,0.0,0.0,6.0,0.0,0.0,0.0,6.5,0.0,,,,,,,,,,,,,,,,,,,,,0.0,0.0,5.0,0.0,0.0,0.0,7.75,0.0,0.0,0.0,0.0,0.0,0.0,0.0,3.25,0.0,0.0,0.0,7.75,0.0,0.0,0.0,0.0,0.0,0.0,0.0,4.5,0.0,0.0,0.0,5.75,0.0,0.0,0.0,7.25,0.0,0.0,0.0,5.0,0.0,0.0,0.0,7.25,0.0,,,,,,,,,0.0,0.0,3.75,0.0
npo,12,0.0,0.0,0.9375,0.0,0.0,0.0,0.5,0.0,0.67,0.7875,1.9157894736842105,0.0475,0,0,5.75,0,0.0,0.0,6.0,0.0,0.0,0.0,6.5,0.0,0.0,0.0,5.25,0.0,0.0,0.0,5.0,0.0,0.0,0.0,6.0,0.0,0.0,0.0,8.0,0.0,,,,,,,,,,,,,,,,,,,,,0.0,0.0,4.0,0.0,0.0,0.0,7.75,0.0,0.0,0.0,0.0,0.0,0.0,0.0,4.0,0.0,0.0,0.0,7.75,0.0,0.0,0.0,0.0,0.0,0.0,0.0,5.0,0.0,0.0,0.0,4.5,0.0,0.0,0.0,7.25,0.0,0.0,0.0,4.0,0.0,0.0,0.0,7.25,0.0,0.0,0.0,0.0,0.0,0.0,0.0,0.0,0.0,0.0,0.0,4.0,0.0
npo,22,0.0,0.0,0.25,0.0,0.0,0.0,0.25,0.0,11.2925,1.7625,4.484210526315789,0.09,0,0,9.0,0,0.0,0.0,5.5,0.0,0.0,0.0,5.5,0.0,0.0,0.0,7.25,0.0,0.0,0.0,6.75,0.0,0.0,0.0,9.0,0.0,0.0,0.0,6.0,0.0,,,,,,,,,,,,,,,,,,,,,0.0,0.0,5.75,0.0,0.0,0.0,7.25,0.0,0.0,0.0,0.0,0.0,0.0,0.0,3.0,0.0,0.0,0.0,7.25,0.0,0.0,0.0,0.0,0.0,0.0,0.0,4.0,0.0,0.0,0.0,6.25,0.0,0.0,0.0,7.25,0.0,0.0,0.0,5.25,0.0,0.0,0.0,7.25,0.0,0.0,0.0,0.0,0.0,0.0,0.0,0.0,0.0,0.0,0.0,3.25,0.0
dpo,20,0.0,0.0,0.0,0.0,0.0,0.0,0.0,0.0,1.8575,0.405,2.542105263157895,0.0275,0,0,7.0,0,0.0,0.0,5.75,0.0,0.0,0.0,5.75,0.0,0.0,0.0,7.0,0.0,0.0,0.0,7.0,0.0,0.0,0.0,7.0,0.0,0.0,0.0,6.75,0.0,,,,,,,,,,,,,,,,,,,,,0.0,0.0,6.0,0.0,0.0,0.0,6.0,0.0,0.0,0.0,0.0,0.0,0.0,0.0,4.0,0.0,0.0,0.0,6.0,0.0,0.0,0.0,0.0,0.0,0.0,0.0,4.5,0.0,0.0,0.0,6.0,0.0,0.0,0.0,8.25,0.0,0.0,0.0,5.75,0.0,0.0,0.0,8.25,0.0,0.0,0.0,0.0,0.0,0.0,0.0,0.0,0.0,0.0,0.0,4.0,0.0
dpo,16,0.0,0.0,0.5625,0.0,0.0,0.0,0.0,0.0,240.685,0.9075,3.155263157894737,0.1475,0,0,8.5,0,0.0,0.0,6.0,0.0,0.0,0.0,6.5,0.0,0.0,0.0,7.0,0.0,0.0,0.0,6.75,0.0,0.0,0.0,8.0,0.0,0.0,0.0,7.75,0.0,,,,,,,,,,,,,,,,,,,,,0.0,0.0,5.5,0.0,0.0,0.0,7.25,0.0,0.0,0.0,0.0,0.0,,,,,0.0,0.0,7.25,0.0,0.0,0.0,0.0,0.0,0.0,0.0,5.75,0.0,0.0,0.0,6.0,0.0,0.0,0.0,7.25,0.0,0.0,0.0,5.25,0.0,0.0,0.0,7.25,0.0,0.0,0.0,0.0,0.0,0.0,0.0,0.0,0.0,0.0,0.0,5.0,0.0
dpo,24,0.0,0.0,0.0,0.0,0.0,0.0,0.0,0.0,6.9725,0.4775,3.528947368421053,0.075,0,0,7.75,0,0.0,0.0,6.0,0.0,0.0,0.0,6.0,0.0,0.0,0.0,7.0,0.0,0.0,0.0,7.0,0.0,0.0,0.0,7.0,0.0,0.0,0.0,7.0,0.0,,,,,,,,,,,,,,,,,,,,,0.0,0.0,5.5,0.0,0.0,0.0,6.25,0.0,0.0,0.0,0.0,0.0,0.0,0.0,4.0,0.0,0.0,0.0,6.25,0.0,0.0,0.0,0.0,0.0,0.0,0.0,4.5,0.0,0.0,0.0,6.75,0.0,0.0,0.0,7.75,0.0,0.0,0.0,5.25,0.0,0.0,0.0,7.75,0.0,0.0,0.0,0.0,0.0,0.0,0.0,0.0,0.0,0.0,0.0,4.0,0.0
dpo,14,0.0,0.0,0.0,0.0,0.0,0.0,0.0,0.0,102.0025,0.5625,1.6605263157894736,0.0975,0,0,6.0,0,0.0,0.0,7.0,0.0,0.0,0.0,6.5,0.0,0.0,0.0,6.0,0.0,0.0,0.0,6.0,0.0,0.0,0.0,6.0,0.0,0.0,0.0,8.5,0.0,,,,,,,,,,,,,,,,,,,,,0.0,0.0,5.0,0.0,0.0,0.0,7.25,0.0,0.0,0.0,0.0,0.0,0.0,0.0,4.25,0.0,0.0,0.0,7.25,0.0,0.0,0.0,0.0,0.0,0.0,0.0,6.0,0.0,0.0,0.0,5.0,0.0,0.0,0.0,7.75,0.0,0.0,0.0,5.0,0.0,0.0,0.0,7.75,0.0,0.0,0.0,0.0,0.0,0.0,0.0,0.0,0.0,0.0,0.0,5.0,0.0
dpo,6,0.0,0.0,0.0,0.0,0.0,0.0,0.0,0.0,36.2325,0.4075,0.5473684210526316,0.03,0,0,5.25,0,,,,,0.0,0.0,6.5,0.0,0.0,0.0,5.0,0.0,,,,,0.0,0.0,5.25,0.0,0.0,0.0,8.0,0.0,,,,,,,,,,,,,,,,,,,,,0.0,0.0,4.0,0.0,,,,,0.0,0.0,0.0,0.0,,,,,,,,,0.0,0.0,0.0,0.0,0.0,0.0,6.0,0.0,0.0,0.0,5.0,0.0,0.0,0.0,8.25,0.0,0.0,0.0,3.0,0.0,0.0,0.0,8.25,0.0,0.0,0.0,0.0,0.0,0.0,0.0,0.0,0.0,0.0,0.0,5.5,0.0
dpo,2,0.0,0.0,8.9375,0.0,0.0,0.0,0.0,0.0,1959.7575,3.51,6.265789473684211,0.42,0,0,9.0,0,0.0,0.0,7.0,0.0,0.0,0.0,7.25,0.0,0.0,0.0,1.0,0.0,0.0,0.0,1.0,0.0,0.0,0.0,3.25,0.0,0.0,0.0,9.0,0.0,,,,,,,,,,,,,,,,,,,,,0.0,0.0,0.0,0.0,0.0,0.0,9.0,0.0,0.0,0.0,0.0,0.0,0.0,0.0,5.0,0.0,,,,,0.0,0.0,0.0,0.0,0.0,0.0,6.0,0.0,0.0,0.0,1.0,0.0,0.0,0.0,7.0,0.0,0.0,0.0,0.0,0.0,0.0,0.0,7.0,0.0,0.0,0.0,0.0,0.0,0.0,0.0,0.0,0.0,0.0,0.0,5.75,0.0
dpo,8,0.0,0.0,0.5625,0.0,0.0,0.0,0.0,0.0,763.08,0.3925,0.7131578947368421,0.035,0,0,6.0,0,0.0,0.0,6.5,0.0,0.0,0.0,6.5,0.0,0.0,0.0,5.75,0.0,0.0,0.0,5.5,0.0,0.0,0.0,6.0,0.0,0.0,0.0,7.0,0.0,,,,,,,,,,,,,,,,,,,,,0.0,0.0,5.0,0.0,,,,,0.0,0.0,0.0,0.0,0.0,0.0,4.75,0.0,,,,,0.0,0.0,0.0,0.0,0.0,0.0,6.0,0.0,0.0,0.0,5.0,0.0,,,,,0.0,0.0,5.0,0.0,,,,,0.0,0.0,0.0,0.0,0.0,0.0,0.0,0.0,0.0,0.0,5.25,0.0
dpo,10,0.0,0.0,0.0,0.0,0.0,0.0,0.0,0.0,0.5,0.305,0.9789473684210527,0.06,0,0,6.0,0,0.0,0.0,7.0,0.0,0.0,0.0,7.0,0.0,0.0,0.0,5.75,0.0,0.0,0.0,6.0,0.0,0.0,0.0,6.0,0.0,0.0,0.0,7.5,0.0,,,,,,,,,,,,,,,,,,,,,0.0,0.0,5.0,0.0,0.0,0.0,8.0,0.0,0.0,0.0,0.0,0.0,,,,,0.0,0.0,8.0,0.0,0.0,0.0,0.0,0.0,0.0,0.0,6.0,0.0,0.0,0.0,5.0,0.0,0.0,0.0,7.5,0.0,0.0,0.0,5.0,0.0,0.0,0.0,7.5,0.0,0.0,0.0,0.0,0.0,0.0,0.0,0.0,0.0,0.0,0.0,5.25,0.0
dpo,22,0.0,0.0,0.0,0.0,0.0,0.0,0.0,0.0,1.8125,0.445,3.136842105263158,0.0425,0,0,7.75,0,0.0,0.0,5.5,0.0,0.0,0.0,6.0,0.0,0.0,0.0,7.0,0.0,0.0,0.0,7.0,0.0,0.0,0.0,7.25,0.0,0.0,0.0,6.75,0.0,,,,,,,,,,,,,,,,,,,,,0.0,0.0,5.25,0.0,0.0,0.0,5.75,0.0,0.0,0.0,0.0,0.0,0.0,0.0,4.0,0.0,0.0,0.0,5.75,0.0,0.0,0.0,0.0,0.0,0.0,0.0,4.25,0.0,0.0,0.0,6.0,0.0,0.0,0.0,8.0,0.0,0.0,0.0,5.0,0.0,0.0,0.0,8.0,0.0,0.0,0.0,0.0,0.0,0.0,0.0,0.0,0.0,0.0,0.0,4.0,0.0
dpo,12,0.0,0.0,0.0,0.0,0.0,0.0,0.0,0.0,249.44,0.555,1.4105263157894736,0.1325,0,0,6.25,0,0.0,0.0,7.0,0.0,0.0,0.0,6.75,0.0,0.0,0.0,6.0,0.0,0.0,0.0,6.0,0.0,0.0,0.0,6.25,0.0,0.0,0.0,9.0,0.0,,,,,,,,,,,,,,,,,,,,,0.0,0.0,5.0,0.0,0.0,0.0,7.75,0.0,0.0,0.0,0.0,0.0,0.0,0.0,5.0,0.0,0.0,0.0,7.75,0.0,0.0,0.0,0.0,0.0,0.0,0.0,6.0,0.0,0.0,0.0,5.0,0.0,0.0,0.0,8.25,0.0,0.0,0.0,5.0,0.0,0.0,0.0,8.25,0.0,0.0,0.0,0.0,0.0,0.0,0.0,0.0,0.0,0.0,0.0,5.25,0.0
dpo,18,0.0,0.0,0.0,0.0,0.0,0.0,0.0,0.0,7.705,0.505,2.4236842105263157,0.08,0,0,7.25,0,0.0,0.0,6.0,0.0,0.0,0.0,6.0,0.0,0.0,0.0,7.0,0.0,0.0,0.0,7.0,0.0,0.0,0.0,7.25,0.0,0.0,0.0,7.25,0.0,,,,,,,,,,,,,,,,,,,,,0.0,0.0,5.75,0.0,0.0,0.0,8.0,0.0,0.0,0.0,0.0,0.0,0.0,0.0,4.0,0.0,0.0,0.0,8.0,0.0,0.0,0.0,0.0,0.0,0.0,0.0,5.25,0.0,0.0,0.0,6.25,0.0,0.0,0.0,8.5,0.0,0.0,0.0,5.0,0.0,0.0,0.0,8.5,0.0,0.0,0.0,0.0,0.0,0.0,0.0,0.0,0.0,0.0,0.0,4.5,0.0
dpo,4,0.0,0.0,1.125,0.0,0.0,0.0,0.0,0.0,398.085,0.995,0.6105263157894737,0.1175,0,0,6.0,0,0.0,0.0,7.0,0.0,0.0,0.0,8.0,0.0,0.0,0.0,4.0,0.0,0.0,0.0,5.0,0.0,0.0,0.0,5.0,0.0,0.0,0.0,8.75,0.0,,,,,,,,,,,,,,,,,,,,,0.0,0.0,2.0,0.0,,,,,0.0,0.0,0.0,0.0,0.0,0.0,5.0,0.0,,,,,0.0,0.0,0.0,0.0,0.0,0.0,5.75,0.0,0.0,0.0,3.75,0.0,0.0,0.0,6.75,0.0,0.0,0.0,2.0,0.0,0.0,0.0,6.75,0.0,0.0,0.0,0.0,0.0,0.0,0.0,0.0,0.0,0.0,0.0,5.0,0.0
grad_diff,2,0.0,0.0,0.6875,0.0,0.0,0.0,0.625,0.0,0.2225,0.25,0.781578947368421,0.04,0,0,5.0,0,0.0,0.0,6.5,0.0,0.0,0.0,6.0,0.0,0.0,0.0,5.0,0.0,0.0,0.0,5.0,0.0,0.0,0.0,5.0,0.0,0.0,0.0,9.0,0.0,,,,,,,,,,,,,,,,,,,,,,,,,,,,,,,,,,,,,,,,,,,,,,,,,,,,,,,,,,,,,,,,,,,,,,,,,,,,
grad_diff,8,0.0,0.0,3.875,0.0,0.0,0.0,4.0,0.0,3.0575,1.6875,5.423684210526316,0.15,0,0,7.0,0,0.0,0.0,6.0,0.0,0.0,0.0,6.0,0.0,0.0,0.0,7.0,0.0,0.0,0.0,7.0,0.0,0.0,0.0,7.0,0.0,0.0,0.0,7.0,0.0,,,,,,,,,,,,,,,,,,,,,,,,,,,,,,,,,,,,,,,,,,,,,,,,,,,,,,,,,,,,,,,,,,,,,,,,,,,,
grad_diff,16,0.0,0.0,4.375,0.0,0.0,0.0,1.125,0.0,1355.48,5.405,7.360526315789474,0.955,0,0,8.0,0,0.0,0.0,0.0,0.0,0.0,0.0,0.0,0.0,0.0,0.0,8.0,0.0,0.0,0.0,8.0,0.0,0.0,0.0,8.25,0.0,0.0,0.0,4.0,0.0,,,,,,,,,,,,,,,,,,,,,,,,,,,,,,,,,,,,,,,,,,,,,,,,,,,,,,,,,,,,,,,,,,,,,,,,,,,,
grad_diff,22,0.0,0.0,0.4375,0.0,0.0,0.0,0.375,0.0,3233.1575,3.8075,6.228947368421053,0.42,0,0,8.25,0,0.0,0.0,0.0,0.0,0.0,0.0,0.0,0.0,0.0,0.0,8.0,0.0,0.0,0.0,8.0,0.0,0.0,0.0,8.0,0.0,0.0,0.0,0.0,0.0,,,,,,,,,,,,,,,,,,,,,,,,,,,,,,,,,,,,,,,,,,,,,,,,,,,,,,,,,,,,,,,,,,,,,,,,,,,,
grad_diff,6,0.0,0.0,2.25,0.0,0.0,0.0,2.25,0.0,2.865,2.17,5.939473684210526,0.2325,0,0,6.0,0,0.0,0.0,7.0,0.0,0.0,0.0,6.25,0.0,0.0,0.0,6.0,0.0,0.0,0.0,6.0,0.0,0.0,0.0,6.0,0.0,0.0,0.0,7.0,0.0,,,,,,,,,,,,,,,,,,,,,,,,,,,,,,,,,,,,,,,,,,,,,,,,,,,,,,,,,,,,,,,,,,,,,,,,,,,,
grad_diff,14,0.0,0.0,7.8125,0.0,0.0,0.0,3.0625,0.0,1327.955,5.58,7.75,0.995,0,0,8.0,0,0.0,0.0,4.0,0.0,0.0,0.0,4.0,0.0,0.0,0.0,8.0,0.0,0.0,0.0,8.0,0.0,0.0,0.0,8.0,0.0,0.0,0.0,5.0,0.0,,,,,,,,,,,,,,,,,,,,,,,,,,,,,,,,,,,,,,,,,,,,,,,,,,,,,,,,,,,,,,,,,,,,,,,,,,,,
grad_diff,18,0.0,0.0,3.4375,0.0,0.0,0.0,0.875,0.0,1639.02,5.06,7.018421052631579,0.825,0,0,8.25,0,0.0,0.0,0.0,0.0,0.0,0.0,0.0,0.0,0.0,0.0,8.0,0.0,0.0,0.0,8.0,0.0,0.0,0.0,8.75,0.0,0.0,0.0,0.0,0.0,,,,,,,,,,,,,,,,,,,,,,,,,,,,,,,,,,,,,,,,,,,,,,,,,,,,,,,,,,,,,,,,,,,,,,,,,,,,
grad_diff,12,0.0,0.0,3.1875,0.0,0.0,0.0,2.6875,0.0,49.1525,2.7675,6.855263157894737,0.485,0,0,9.0,0,0.0,0.0,0.0,0.0,0.0,0.0,0.5,0.0,0.0,0.0,8.0,0.0,0.0,0.0,8.25,0.0,0.0,0.0,8.75,0.0,0.0,0.0,6.0,0.0,,,,,,,,,,,,,,,,,,,,,,,,,,,,,,,,,,,,,,,,,,,,,,,,,,,,,,,,,,,,,,,,,,,,,,,,,,,,
grad_diff,24,0.0,0.0,0.5,0.0,0.0,0.0,0.0,0.0,3100.1,4.25,5.992105263157895,0.3625,0,0,8.0,0,0.0,0.0,0.0,0.0,0.0,0.0,0.0,0.0,0.0,0.0,8.0,0.0,0.0,0.0,8.0,0.0,0.0,0.0,8.0,0.0,0.0,0.0,0.0,0.0,,,,,,,,,,,,,,,,,,,,,,,,,,,,,,,,,,,,,,,,,,,,,,,,,,,,,,,,,,,,,,,,,,,,,,,,,,,,
grad_diff,4,0.0,0.0,3.5625,0.0,0.0,0.0,3.5,0.0,9.81,2.61,5.894736842105263,0.3175,0,0,6.5,0,0.0,0.0,6.5,0.0,0.0,0.0,6.5,0.0,0.0,0.0,6.0,0.0,0.0,0.0,6.0,0.0,0.0,0.0,6.5,0.0,0.0,0.0,7.0,0.0,,,,,,,,,,,,,,,,,,,,,,,,,,,,,,,,,,,,,,,,,,,,,,,,,,,,,,,,,,,,,,,,,,,,,,,,,,,,
grad_diff,20,0.0,0.0,0.4375,0.0,0.0,0.0,0.5,0.0,2601.74,4.0475,6.421052631578948,0.4625,0,0,8.0,0,0.0,0.0,0.0,0.0,0.0,0.0,0.0,0.0,0.0,0.0,7.75,0.0,0.0,0.0,7.75,0.0,0.0,0.0,9.0,0.0,0.0,0.0,3.25,0.0,,,,,,,,,,,,,,,,,,,,,,,,,,,,,,,,,,,,,,,,,,,,,,,,,,,,,,,,,,,,,,,,,,,,,,,,,,,,
grad_diff,10,0.0,0.0,2.75,0.0,0.0,0.0,2.625,0.0,2.615,1.805,5.323684210526316,0.21,0,0,8.0,0,0.0,0.0,4.0,0.0,0.0,0.0,4.0,0.0,0.0,0.0,7.0,0.0,0.0,0.0,7.0,0.0,0.0,0.0,8.0,0.0,0.0,0.0,5.0,0.0,,,,,,,,,,,,,,,,,,,,,,,,,,,,,,,,,,,,,,,,,,,,,,,,,,,,,,,,,,,,,,,,,,,,,,,,,,,,
